{
    "success": true,
    "timestamp": 1668023523,
    "source": "AED",
    "quotes": {
        "AEDAMD": 107.446011,
        "AEDARS": 43.568794,
        "AEDAWG": 0.490049
    }
}