{
    "success": true,
    "timestamp": 1673999104,
    "source": "USD",
    "quotes": {
        "USDAED": 3.67295,
        "USDAFN": 89.512404,
        "USDALL": 107.849909,
        "USDAMD": 396.840063,
        "USDANG": 1.803835,
        "USDAOA": 503.561203,
        "USDARS": 182.486539,
        "USDAUD": 1.43103,
        "USDAWG": 1.8025,
        "USDAZN": 1.696076,
        "USDBAM": 1.807189,
        "USDBBD": 2.020873,
        "USDBDT": 103.941159,
        "USDBGN": 1.812301,
        "USDBHD": 0.376859,
        "USDBIF": 2061,
        "USDBMD": 1,
        "USDBND": 1.323724,
        "USDBOB": 6.916023,
        "USDBRL": 5.1007,
        "USDBSD": 1.000873,
        "USDBTC": 4.725813e-05,
        "USDBTN": 81.832117,
        "USDBWP": 12.750255,
        "USDBYN": 2.526311,
        "USDBYR": 19600,
        "USDBZD": 2.017454,
        "USDCAD": 1.33911,
        "USDCDF": 2030.000297,
        "USDCHF": 0.921899,
        "USDCLF": 0.029542,
        "USDCLP": 815.150232,
        "USDCNY": 6.773902,
        "USDCOP": 4721.2,
        "USDCRC": 571.427251,
        "USDCUC": 1,
        "USDCUP": 26.5,
        "USDCVE": 102.850039,
        "USDCZK": 22.196198,
        "USDDJF": 177.719639,
        "USDDKK": 6.893825,
        "USDDOP": 56.397031,
        "USDDZD": 136.116492,
        "USDEGP": 29.568703,
        "USDERN": 15,
        "USDETB": 53.650014,
        "USDEUR": 0.92665,
        "USDFJD": 2.16785,
        "USDFKP": 0.819144,
        "USDGBP": 0.814095,
        "USDGEL": 2.67501,
        "USDGGP": 0.819144,
        "USDGHS": 12.250123,
        "USDGIP": 0.819144,
        "USDGMD": 62.295264,
        "USDGNF": 8774.999911,
        "USDGTQ": 7.854377,
        "USDGYD": 209.397089,
        "USDHKD": 7.817149,
        "USDHNL": 24.634994,
        "USDHRK": 7.042199,
        "USDHTG": 148.12936,
        "USDHUF": 367.869419,
        "USDIDR": 15179.85,
        "USDILS": 3.403603,
        "USDIMP": 0.819144,
        "USDINR": 81.52655,
        "USDIQD": 1461,
        "USDIRR": 41850.00026,
        "USDISK": 143.179821,
        "USDJEP": 0.819144,
        "USDJMD": 152.783553,
        "USDJOD": 0.709302,
        "USDJPY": 128.256977,
        "USDKES": 124.049456,
        "USDKGS": 85.680459,
        "USDKHR": 4120.000219,
        "USDKMF": 456.501831,
        "USDKPW": 899.952888,
        "USDKRW": 1237.350106,
        "USDKWD": 0.30525,
        "USDKYD": 0.834099,
        "USDKZT": 464.436847,
        "USDLAK": 16850.000203,
        "USDLBP": 1516.288985,
        "USDLKR": 367.82272,
        "USDLRD": 155.349794,
        "USDLSL": 17.080023,
        "USDLTL": 2.95274,
        "USDLVL": 0.60489,
        "USDLYD": 4.765049,
        "USDMAD": 10.174503,
        "USDMDL": 19.01641,
        "USDMGA": 4359.999632,
        "USDMKD": 57.093746,
        "USDMMK": 2101.843575,
        "USDMNT": 3453.909226,
        "USDMOP": 8.063424,
        "USDMRO": 356.999828,
        "USDMUR": 44.239783,
        "USDMVR": 15.448038,
        "USDMWK": 1020.503101,
        "USDMXN": 18.65695,
        "USDMYR": 4.326503,
        "USDMZN": 63.830303,
        "USDNAD": 17.080168,
        "USDNGN": 453.579607,
        "USDNIO": 36.359731,
        "USDNOK": 9.871095,
        "USDNPR": 130.931536,
        "USDNZD": 1.55495,
        "USDOMR": 0.385014,
        "USDPAB": 1.000873,
        "USDPEN": 3.827504,
        "USDPGK": 3.525007,
        "USDPHP": 54.665,
        "USDPKR": 228.724979,
        "USDPLN": 4.35432,
        "USDPYG": 7397.089397,
        "USDQAR": 3.640997,
        "USDRON": 4.572203,
        "USDRSD": 108.750435,
        "USDRUB": 68.495179,
        "USDRWF": 1074,
        "USDSAR": 3.755974,
        "USDSBD": 8.265027,
        "USDSCR": 13.788405,
        "USDSDG": 582.000217,
        "USDSEK": 10.42487,
        "USDSGD": 1.3203,
        "USDSHP": 1.377398,
        "USDSLE": 19.109655,
        "USDSLL": 19149.999446,
        "USDSOS": 569.50046,
        "USDSRD": 31.75028,
        "USDSTD": 20697.981008,
        "USDSVC": 8.757276,
        "USDSYP": 2511.994346,
        "USDSZL": 17.080021,
        "USDTHB": 33.009861,
        "USDTJS": 10.223413,
        "USDTMT": 3.5,
        "USDTND": 3.057503,
        "USDTOP": 2.327601,
        "USDTRY": 18.753702,
        "USDTTD": 6.797197,
        "USDTWD": 30.290503,
        "USDTZS": 2332.000027,
        "USDUAH": 36.783213,
        "USDUGX": 3683.235467,
        "USDUYU": 39.69508,
        "USDUZS": 11319.999925,
        "USDVEF": 1923490.793637,
        "USDVES": 19.9475,
        "USDVND": 23432,
        "USDVUV": 116.559535,
        "USDWST": 2.681728,
        "USDXAF": 606.104874,
        "USDXAG": 0.041776,
        "USDXAU": 0.000524,
        "USDXCD": 2.70255,
        "USDXDR": 0.74225,
        "USDXOF": 605.508119,
        "USDXPF": 111.025038,
        "USDYER": 250.249727,
        "USDZAR": 17.06803,
        "USDZMK": 9001.192751,
        "USDZMW": 18.496011,
        "USDZWL": 321.999592
    }
}